Source,Target,Weight
0,1,0.7071067811865475
2,5,0.7071067811865475
3,6,0.7071067811865475
4,5,0.7071067811865475
4,7,0.7071067811865475
5,7,0.7071067811865475
5,8,0.7071067811865475
